area,distance,schools
1345,2.07,3
1044,2.01,3
1028,2.23,1
1084,1.47,2
997,3.04,2
1058,1.62,3
1066,1.93,3
1033,3.21,3
1111,2.69,2
1046,1.94,3
1139,4.21,3
1044,2.01,3
941,2.36,2
1160,2.8,3
1028,2.23,1
965,0.44,2
1149,2.38,3
1084,1.47,2
1044,2.01,3
978,1.55,2
1094,2.24,3
1017,2.16,3
1058,1.62,3
941,2.36,2
1162,2.26,3
1046,1.94,3
928,3.81,2
929,0.7,2
1111,2.69,2
916,3.15,2
950,2.45,2
916,3.15,2
1139,4.21,3
1028,2.23,3
997,3.04,2
1139,4.21,3
1033,3.21,3
825,1.49,2
978,1.55,2
1111,2.69,2
